src_url,vcs,name,web_url,description
https://github.com/Alamofire/Alamofire,git,Alamofire,,"Elegant HTTP Networking in Swift"
https://github.com/bumptech/glide,git,glide,https://bumptech.github.io/glide,"An image loading and caching library for Android focused on smooth scrolling "
https://github.com/airbnb/lottie-android,git,lottie-android,http://airbnb.io/lottie,"Render After Effects animations natively on Android and iOS, Web, and React Native"
https://github.com/Blankj/AndroidUtilCode,git,AndroidUtilCode,https://blankj.com/2016/07/31/android-utils-code,"üî• Android developers should collect the following utils(updating)."
https://github.com/zxing/zxing,git,zxing,,"ZXing ("Zebra Crossing") barcode scanning library for Java, Android"
https://github.com/nolimits4web/swiper,git,swiper,https://swiperjs.com,"Most modern mobile touch slider with hardware accelerated transitions"
https://github.com/HeroTransitions/Hero,git,Hero,,"Elegant transition library for iOS & tvOS"
https://github.com/framework7io/framework7,git,framework7,http://framework7.io,"Full featured HTML framework for building iOS & Android apps"
https://github.com/android/plaid,git,plaid,,"An Android app which provides design news & inspiration as well as being an example of implementing material design."
https://github.com/hackiftekhar/IQKeyboardManager,git,IQKeyboardManager,,"Codeless drop-in universal library allows to prevent issues of keyboard sliding up and cover UITextField/UITextView. Neither need to write any code nor any setup required and much more."
https://github.com/CoderMJLee/MJRefresh,git,MJRefresh,,"An easy way to use pull-to-refresh."
https://github.com/Tencent/QMUI_Android,git,QMUI_Android,http://qmuiteam.com/android,"ÊèêÈ´ò Android UI ÂºÄÂèëÊïàÁéáÁöÑ UI Â∫ì"
https://github.com/android/ndk-samples,git,ndk-samples,http://developer.android.com/ndk,"Android NDK samples with Android Studio"
https://github.com/flutterchina/flutter-in-action,git,Flutter-in-action,https://book.flutterchina.club,"„ÄäFlutterÂÆûÊàò„ÄãÁîµÂ≠ê‰π¶"
https://github.com/firebase/quickstart-android,git,Quickstart-android,https://firebase.google.com,"Firebase Quickstart Samples for Android"
https://github.com/nisrulz/flutter-examples,git,Flutter Examples,,"[Examples] Simple basic isolated apps, for budding flutter devs."
https://github.com/xamarin/xamarin-forms-samples,git,Xamarin Forms Samples,https://docs.microsoft.com/xamarin/xamarin-forms,"Sample apps built using the Xamarin.Forms framework"
https://github.com/owncloud/android,git,Android,,"‚òéÔ∏è The ownCloud Android App"
https://github.com/MvvmCross/MvvmCross,git,MvvmCross,http://mvvmcross.com/,"The .NET MVVM framework for cross-platform solutions, including Xamarin.iOS, Xamarin.Android, Windows and Mac."
https://github.com/ioscreator/ioscreator,git,ios Creator,https://ioscreator.com/,"Tutorials from ioscreator.com"
https://github.com/ionic-team/ionic-conference-app,git,Ionic Conference App,,"A conference app built with Ionic to demonstrate Ionic"
